auction_id,auction_url,start_date,end_date,lot_id,price_realised,estimate_low,estimate_high,currency,auction_title,auction_location,artist,item_title,item_url,description_txt
29789,https://www.christies.com/en/auction/20th-century-art-day-sale-29789/,2023-05-28T16:00Z,2023-05-29T00:00Z,201,,550000.0,750000.0,HKD,20th Century Art Day Sale,Hong Kong,MAI TRUNG THU,Maternite (Maternity),https://www.christies.com/lot/lot-6429523?ldp_breadcrumb=back&intObjectID=6429523&from=salessummary&lid=1,"MAI TRUNG THU (1906-1980)<br>,<i>Maternite (Maternity)</i><br>,signed &#8216;MAI THU&#8217; and dated in Chinese (upper right); inscribed and dated &#8216;62 15 x 23.5&#8217; (on the reverse)<br>,ink and gouache on silk in the artist&#8217;s original frame<br>,27 x 18 cm. (10 5/8 x 7 1/8 in.)<br>,Painted in 1962<br>,one seal of the artist<br>,"
29789,https://www.christies.com/en/auction/20th-century-art-day-sale-29789/,2023-05-28T16:00Z,2023-05-29T00:00Z,202,,550000.0,750000.0,HKD,20th Century Art Day Sale,Hong Kong,MAI TRUNG THU,Tunique bleue (Blue Ao Dai),https://www.christies.com/lot/lot-6429524?ldp_breadcrumb=back&intObjectID=6429524&from=salessummary&lid=1,"MAI TRUNG THU (1906-1980)<br>,<i>Tunique bleue (Blue Ao Dai)</i><br>,signed &#8216;MAI THU&#8217; and dated in Chinese (lower right); titled and dated &#8216;Tunique bleu 1960&#8217; (on the reverse)<br>,ink and gouache on silk in the artist&#8217;s original frame<br>,29.8 x 17.7 cm. (11 3/4 x 7 in.)<br>,Painted in 1960-1961<br>,one seal of the artist<br>,"
29789,https://www.christies.com/en/auction/20th-century-art-day-sale-29789/,2023-05-28T16:00Z,2023-05-29T00:00Z,203,20945000.0,10000000.0,18000000.0,HKD,20th Century Art Day Sale,Hong Kong,SANYU,Kitten Clambering up a Chair; & Nude (double-sided),https://www.christies.com/lot/lot-6429525?ldp_breadcrumb=back&intObjectID=6429525&from=salessummary&lid=1,"SANYU (CHANG YU 1895&#8211;1966)<br>,<i>Kitten Clambering up a Chair; </i><i>&amp; Nude (double-sided)</i><br>,signed in Chinese and signed &#8216;SANYU&#8217; (front; lower right); signed in Chinese and signed &#8216;SANYU&#8217; (reverse; lower right)<br>,oil on masonite in the original artist frame (front); oil on paper laid on masonite (reverse)<br>,image: 50.7 x 33.4 cm (20 x 13 1/8 in.)<br>,framed: 51.1 x 34.7 cm. (20 1/8 x 13 5/8 in.)<br>,Painted in the 1930s<br>,"
29789,https://www.christies.com/en/auction/20th-century-art-day-sale-29789/,2023-05-28T16:00Z,2023-05-29T00:00Z,204,630000.0,300000.0,500000.0,HKD,20th Century Art Day Sale,Hong Kong,SANYU,Nu assis aux jambes pliees (Seated Nude),https://www.christies.com/lot/lot-6429526?ldp_breadcrumb=back&intObjectID=6429526&from=salessummary&lid=1,"SANYU (CHANG YU 1895 &#8211;1966)<br>,<i>Nu assis aux jambes pliees </i><i>(Seated Nude)</i><br>,signed in Chinese and signed &#8216;SANYU&#8217; (lower part)<br>,ink and charcoal on paper<br>,43.5 x 28 cm.(17 1/8 x 11 in.)<br>,Painted in 1920-1930s<br>,"
29789,https://www.christies.com/en/auction/20th-century-art-day-sale-29789/,2023-05-28T16:00Z,2023-05-29T00:00Z,205,478800.0,300000.0,500000.0,HKD,20th Century Art Day Sale,Hong Kong,SANYU,Lectrice a la blouse jaune (Woman in Yellow Blouse Reading),https://www.christies.com/lot/lot-6429527?ldp_breadcrumb=back&intObjectID=6429527&from=salessummary&lid=1,"SANYU (CHANG YU 1895&#8211;1966)<br>,<i>Lectrice a la blouse jaune </i><i>(Woman in Yellow Blouse </i><i>Reading)</i><br>,ink and watercolour on paper<br>,50 x 16.5 cm. (19 5/8 x 6 1/2 in.)<br>,Painted in 1920-1930s<br>,"
29789,https://www.christies.com/en/auction/20th-century-art-day-sale-29789/,2023-05-28T16:00Z,2023-05-29T00:00Z,206,2520000.0,1800000.0,2800000.0,HKD,20th Century Art Day Sale,Hong Kong,LEONARD TSUGUHARU FOUJITA,Fillette au chat (Girl with Cat),https://www.christies.com/lot/lot-6429528?ldp_breadcrumb=back&intObjectID=6429528&from=salessummary&lid=1,"LEONARD TSUGUHARU FOUJITA (1886-1968)<br>,<i>Fillette au chat (Girl with Cat)</i><br>,signed in Japanese signed again and dated &#8216;Foujita 1929&#8217; (lower left);<br>,signed in Japanese signed again and dated &#8216;Foujita 1929&#8217; (on the stretcher)<br>,oil and pen and ink on canvas<br>,35 x 26.5 cm (13 3/4 x 10 1/2 in.)<br>,Painted in 1929<br>,"
29789,https://www.christies.com/en/auction/20th-century-art-day-sale-29789/,2023-05-28T16:00Z,2023-05-29T00:00Z,207,1134000.0,850000.0,1300000.0,HKD,20th Century Art Day Sale,Hong Kong,LEONARD TSUGUHARU FOUJITA,Petite fille a la fleur (Little Girl with Flower),https://www.christies.com/lot/lot-6429529?ldp_breadcrumb=back&intObjectID=6429529&from=salessummary&lid=1,"LEONARD TSUGUHARU FOUJITA (1886-1968)<br>,<i>Petite fille a la fleur (Little Girl with Flower)</i><br>,signed in Japanese signed again and dated &#8216;Foujita 1929&#8217; (lower left);<br>,signed in Japanese signed again and dated &#8216;Foujita 1929&#8217; (on the stretcher)<br>,oil and pen and ink on canvas<br>,35.2 x 26.6 cm (13 7/8 x 10 1/2 in.)<br>,Painted in 1929<br>,"
29789,https://www.christies.com/en/auction/20th-century-art-day-sale-29789/,2023-05-28T16:00Z,2023-05-29T00:00Z,208,756000.0,450000.0,650000.0,HKD,20th Century Art Day Sale,Hong Kong,LE PHO,Les deux soeurs (The Two Sisters),https://www.christies.com/lot/lot-6429530?ldp_breadcrumb=back&intObjectID=6429530&from=salessummary&lid=1,"LE PHO (1907-2001)<br>,<i>Les deux soeurs (The Two </i><i>Sisters)</i><br>,signed in Chinese and signed again &#8216;Le Pho&#8217; (lower right); titled and inscribed &#8216;G.W.F Findlay N.Y. Les Deux Soeurs&#8217; (on the reverse); gallery label affixed (on the reverse)<br>,oil on canvas<br>,73.5 x 92.5 cm. (28 7/8 x 36 3/8 in.)<br>,Painted circa 1970s<br>,"
29789,https://www.christies.com/en/auction/20th-century-art-day-sale-29789/,2023-05-28T16:00Z,2023-05-29T00:00Z,209,756000.0,600000.0,800000.0,HKD,20th Century Art Day Sale,Hong Kong,LE PHO,Les poppies (Poppies),https://www.christies.com/lot/lot-6429531?ldp_breadcrumb=back&intObjectID=6429531&from=salessummary&lid=1,"LE PHO (1907-2001)<br>,<i>Les poppies (Poppies)</i><br>,signed in Chinese and signed again &#8216;Le pho&#8217; (lower right); titled inscribed and numbered &#8216;New York Wally F No 162 Les Poppies&#8217; (on the reverse)<br>,oil on canvas<br>,81 x 100 cm. (31 7/8 x 39 3/8 in.)<br>,Painted circa 1970<br>,"
29789,https://www.christies.com/en/auction/20th-century-art-day-sale-29789/,2023-05-28T16:00Z,2023-05-29T00:00Z,210,9072000.0,7000000.0,10000000.0,HKD,20th Century Art Day Sale,Hong Kong,CHU TEH-CHUN,No. 54 La montagne lavee par la pluie (No. 54 the Mountain Washed by the Rain),https://www.christies.com/lot/lot-6429532?ldp_breadcrumb=back&intObjectID=6429532&from=salessummary&lid=1,"CHU TEH-CHUN (ZHU DEQUN 1920-2014)<br>,<i>No. 54 La montagne lavee par </i><i>la pluie (No. 54 the Mountain </i><i>Washed by the Rain)</i><br>,signed in Chinese and signed &#8216;CHU TEHCHUN&#8217; (lower left);<br>,signed and titled in Chinese; signed titled and dated &#8216;CHU TEH-CHUN 1960 No.54 &#8220;La montagne lavee par la pluie&#8221;&#8217; (on the reverse)<br>,oil on canvas<br>,92 x 65 cm. (36 1/4 x 25 5/8 in.)<br>,Painted in 1960<br>,"
29789,https://www.christies.com/en/auction/20th-century-art-day-sale-29789/,2023-05-28T16:00Z,2023-05-29T00:00Z,211,22760000.0,4000000.0,6500000.0,HKD,20th Century Art Day Sale,Hong Kong,ZAO WOU-KI,Roses,https://www.christies.com/lot/lot-6429533?ldp_breadcrumb=back&intObjectID=6429533&from=salessummary&lid=1,"ZAO WOU-KI (ZHAO WUJI 1920-2013)<br>,<i>Roses</i><br>,signed in Chinese signed &#8216;ZAO&#8217; (lower right); dated titled and inscribed &#8216;Roses III 53&#8217; (on the reverse); signed &#8216;ZAO WOU-KI&#8217; (on the stretcher)<br>,oil on canvas<br>,55 x 46 cm. (21 5/8 x 18 1/8 in.)<br>,Painted in 1953<br>,"
29789,https://www.christies.com/en/auction/20th-century-art-day-sale-29789/,2023-05-28T16:00Z,2023-05-29T00:00Z,212,3780000.0,3500000.0,5500000.0,HKD,20th Century Art Day Sale,Hong Kong,CHU TEH-CHUN,Vapeurs dissipees (Dissipated Vapors),https://www.christies.com/lot/lot-6429534?ldp_breadcrumb=back&intObjectID=6429534&from=salessummary&lid=1,"CHU TEH-CHUN (ZHU DEQUN 1920-2014)<br>,<i>Vapeurs dissipees (Dissipated </i><i>Vapors)</i><br>,signed dated and signed in Chinese &#8216;CHU TEH-CHUN.06.&#8217; (lower right);<br>,signed titled dated and signed in Chinese &#8216;CHU TEH-CHUN 2006 &#8216;&#8220;Vapeurs dissipees&#8221;&#8217; (on the reverse)<br>,oil on canvas<br>,130 x 97 cm. (51 1/8 x 38 1/4 in.)<br>,Painted in 2006<br>,"
29789,https://www.christies.com/en/auction/20th-century-art-day-sale-29789/,2023-05-28T16:00Z,2023-05-29T00:00Z,213,6300000.0,6000000.0,8000000.0,HKD,20th Century Art Day Sale,Hong Kong,ZAO WOU-KI,Sans titre (City of Pearl),https://www.christies.com/lot/lot-6429535?ldp_breadcrumb=back&intObjectID=6429535&from=salessummary&lid=1,"ZAO WOU-KI (ZHAO WUJI 1920-2013)<br>,<i>Sans titre (City of Pearl)</i><br>,signed in Chinese signed &#8216;ZAO&#8217; (lower right);<br>,dated &#8216;2.1952&#8217; (on the reverse);<br>,signed again &#8216;ZAO WOU-KI&#8217; (on the stretcher)<br>,oil on canvas<br>,46 x 55.2 cm. (18 1/8 x 21 3/4 in.)<br>,Painted in 1952<br>,"
29789,https://www.christies.com/en/auction/20th-century-art-day-sale-29789/,2023-05-28T16:00Z,2023-05-29T00:00Z,214,2394000.0,1200000.0,2200000.0,HKD,20th Century Art Day Sale,Hong Kong,WU GUANZHONG,Village in Yunnan,https://www.christies.com/lot/lot-6429536?ldp_breadcrumb=back&intObjectID=6429536&from=salessummary&lid=1,"WU GUANZHONG (1919-2010)<br>,<i>Village in Yunnan</i><br>,ink and colour on paper<br>,50 x 47 cm. (19 5/8 x 18 1/2 in.)<br>,Painted in 1986<br>,two seals of the artist<br>,"
29789,https://www.christies.com/en/auction/20th-century-art-day-sale-29789/,2023-05-28T16:00Z,2023-05-29T00:00Z,215,7560000.0,4500000.0,6500000.0,HKD,20th Century Art Day Sale,Hong Kong,WU GUANZHONG,Households Alongside the Wu River,https://www.christies.com/lot/lot-6429537?ldp_breadcrumb=back&intObjectID=6429537&from=salessummary&lid=1,"WU GUANZHONG (1919-2010)<br>,<i>Households Alongside the Wu </i><i>River</i><br>,signed and dated in Chinese (lower left)<br>,oil on canvas<br>,45.8 x 53 cm. (18 x 20 7/8 in.)<br>,Painted in 1985<br>,"
29789,https://www.christies.com/en/auction/20th-century-art-day-sale-29789/,2023-05-28T16:00Z,2023-05-29T00:00Z,216,3780000.0,4000000.0,6000000.0,HKD,20th Century Art Day Sale,Hong Kong,ZAO WOU-KI,Sans titre (Untitled) - 13.04.2008,https://www.christies.com/lot/lot-6429538?ldp_breadcrumb=back&intObjectID=6429538&from=salessummary&lid=1,"ZAO WOU-KI (1920-2013)<br>,<i>Sans titre (Untitled) - </i><i>13.04.2008</i><br>,signed in Chinese signed &#8216;ZAO&#8217; (lower right)<br>,oil on canvas<br>,97 x 130 cm. (38 1/4 X 51 1/8 in.)<br>,Painted in 2008<br>,"
29789,https://www.christies.com/en/auction/20th-century-art-day-sale-29789/,2023-05-28T16:00Z,2023-05-29T00:00Z,217,2457000.0,2200000.0,3200000.0,HKD,20th Century Art Day Sale,Hong Kong,CHU TEH-CHUN,Forces vives (Powerful Forces),https://www.christies.com/lot/lot-6429539?ldp_breadcrumb=back&intObjectID=6429539&from=salessummary&lid=1,"CHU TEH-CHUN (ZHU DEQUN 1920-2014)<br>,<i>Forces vives (Powerful Forces)</i><br>,signed in Chinese signed and dated &#8216;CHU TEH-CHUN 03.&#8217; (lower right); signed in Chinese signed titled and dated &#8216;&#8221;FORCES VIVES&#8221; CHU TEH-CHUN 2003.&#8217; (on the reverse)<br>,oil on canvas<br>,100 x 81 cm. (39 3/8 x 31 7/8 in.)<br>,Painted in 2003<br>,"
29789,https://www.christies.com/en/auction/20th-century-art-day-sale-29789/,2023-05-28T16:00Z,2023-05-29T00:00Z,218,14895000.0,12000000.0,20000000.0,HKD,20th Century Art Day Sale,Hong Kong,GERHARD RICHTER,Abstraktes Bild 850-7,https://www.christies.com/lot/lot-6429540?ldp_breadcrumb=back&intObjectID=6429540&from=salessummary&lid=1,"GERHARD RICHTER (B. 1932)<br>,<i>Abstraktes Bild 850-7</i><br>,signed inscribed and dated &#8216;Richter 1998 850-7&#8217; (on the reverse)<br>,oil on canvas<br>,50 x 45 cm. (19 5/8 x 17 3/4 in.)<br>,Painted in 1998<br>,"
29789,https://www.christies.com/en/auction/20th-century-art-day-sale-29789/,2023-05-28T16:00Z,2023-05-29T00:00Z,219,6048000.0,3000000.0,5000000.0,HKD,20th Century Art Day Sale,Hong Kong,KAZUO SHIRAGA,Blue Desert,https://www.christies.com/lot/lot-6429541?ldp_breadcrumb=back&intObjectID=6429541&from=salessummary&lid=1,"KAZUO SHIRAGA (1924-2008)<br>,<i>Blue Desert</i><br>,signed in Japanese (lower right); signed titled and dated in Japanese (on the reverse)<br>,oil on canvas<br>,91 x 68 cm. (35 7/8 x 26 3/4 in.)<br>,Painted in 1986<br>,"
29789,https://www.christies.com/en/auction/20th-century-art-day-sale-29789/,2023-05-28T16:00Z,2023-05-29T00:00Z,220,3402000.0,2200000.0,3200000.0,HKD,20th Century Art Day Sale,Hong Kong,LEE UFAN,Correspondance,https://www.christies.com/lot/lot-6429542?ldp_breadcrumb=back&intObjectID=6429542&from=salessummary&lid=1,"LEE UFAN (B. 1936)<br>,<i>Correspondance</i><br>,signed and dated &#8216;L.UFAN 99&#8217; (on the lower right side); signed titled and dated &#8216;Correspondance 1999 Lee ufan&#8217; (on the reverse)<br>,oil mineral pigment and glue on canvas<br>,146 x 112 cm. (57 1/2 x 44 1/8 in.)<br>,Painted in 1999<br>,"
29789,https://www.christies.com/en/auction/20th-century-art-day-sale-29789/,2023-05-28T16:00Z,2023-05-29T00:00Z,221,945000.0,300000.0,500000.0,HKD,20th Century Art Day Sale,Hong Kong,FERNANDO ZOBEL,Leonardo 1,https://www.christies.com/lot/lot-6429543?ldp_breadcrumb=back&intObjectID=6429543&from=salessummary&lid=1,"FERNANDO ZOBEL (1924-1984)<br>,<i>Leonardo 1</i><br>,signed &#8216;Zobel&#8217; (lower right); signed titled numbered and dated &#8216;77-42 Leonardo 1 Zobel&#8217; (on the reverse)<br>,oil on canvas<br>,40.3 x 40.2 cm. (15 7/8 x 15 7/8 in.)<br>,Painted in 1977<br>,"
29789,https://www.christies.com/en/auction/20th-century-art-day-sale-29789/,2023-05-28T16:00Z,2023-05-29T00:00Z,222,4410000.0,1200000.0,2200000.0,HKD,20th Century Art Day Sale,Hong Kong,JU MING,Taichi Series - Single Whip,https://www.christies.com/lot/lot-6429544?ldp_breadcrumb=back&intObjectID=6429544&from=salessummary&lid=1,"JU MING (ZHU MING 1938-2023)<br>,<i>Taichi Series - Single Whip</i><br>,signed in Chinese dated and numbered &#8216;&#8217;95 10/10&#8217; (incised on the lower back)<br>,bronze sculpture<br>,102.3 (H) x 145.6 x 70.6 cm. (40 1/4 x 57 3/8 x 26 3/4 in.)<br>,Executed 1995<br>,edition of 10/10<br>,"
29789,https://www.christies.com/en/auction/20th-century-art-day-sale-29789/,2023-05-28T16:00Z,2023-05-29T00:00Z,223,1008000.0,600000.0,1200000.0,HKD,20th Century Art Day Sale,Hong Kong,BERNARD BUFFET,"Le temple des lamas, les salles d'art et d'etudes tantriques",https://www.christies.com/lot/lot-6429545?ldp_breadcrumb=back&intObjectID=6429545&from=salessummary&lid=1,"BERNARD BUFFET (1928-1999)<br>,<i>Le temple des lamas les salles </i><i>d&#8217;art et d&#8217;etudes tantriques</i><br>,signed &#8216;Bernard Buffet&#8217; (upper left); dated &#8216;1995&#8217; (upper centre); indistinctly titled &#8216;Temple des lamas Pekin&#8217; (on the reverse)<br>,oil on canvas<br>,130 x 89 cm (51 1/8 x 35 in.)<br>,Painted in 1995<br>,"
29789,https://www.christies.com/en/auction/20th-century-art-day-sale-29789/,2023-05-28T16:00Z,2023-05-29T00:00Z,224,4410000.0,2500000.0,4500000.0,HKD,20th Century Art Day Sale,Hong Kong,BERNARD BUFFET,Torero orange,https://www.christies.com/lot/lot-6429546?ldp_breadcrumb=back&intObjectID=6429546&from=salessummary&lid=1,"BERNARD BUFFET (1928-1999)<br>,<i>Torero orange</i><br>,signed &#8216;Bernard Buffet&#8217; (upper right) and dated &#8216;1987&#8217; (upper left)<br>,oil on canvas<br>,130.4 x 89.5 cm. (51 1/4 x 35 1/4 in.)<br>,Painted in 1987<br>,"
29789,https://www.christies.com/en/auction/20th-century-art-day-sale-29789/,2023-05-28T16:00Z,2023-05-29T00:00Z,225,945000.0,700000.0,900000.0,HKD,20th Century Art Day Sale,Hong Kong,YUN GEE,Nude with Cigarette,https://www.christies.com/lot/lot-6429547?ldp_breadcrumb=back&intObjectID=6429547&from=salessummary&lid=1,"YUN GEE (1906-1963)<br>,<i>Nude with Cigarette</i><br>,signed &#8216;Yun Gee&#8217; (lower left)<br>,oil on paper laid on woodboard<br>,54.2 x 37.5 cm. (21 3/8 x 14 3/4 in.)<br>,Painted in 1949<br>,"
29789,https://www.christies.com/en/auction/20th-century-art-day-sale-29789/,2023-05-28T16:00Z,2023-05-29T00:00Z,226,1764000.0,600000.0,800000.0,HKD,20th Century Art Day Sale,Hong Kong,FERNANDO CUETO AMORSOLO,Under the Mango Tree,https://www.christies.com/lot/lot-6429548?ldp_breadcrumb=back&intObjectID=6429548&from=salessummary&lid=1,"FERNANDO CUETO AMORSOLO (1892-1972)<br>,<i>Under the Mango Tree</i><br>,signed inscribed and dated &#8216;F Amorsolo MANILA 1935&#8217; (lower right)<br>,oil on board<br>,51 x 66 cm. (20 1/8 x 26 in.)<br>,Painted in 1935<br>,"
29789,https://www.christies.com/en/auction/20th-century-art-day-sale-29789/,2023-05-28T16:00Z,2023-05-29T00:00Z,227,693000.0,500000.0,800000.0,HKD,20th Century Art Day Sale,Hong Kong,FERNANDO CUETO AMORSOLO,Bathers,https://www.christies.com/lot/lot-6429549?ldp_breadcrumb=back&intObjectID=6429549&from=salessummary&lid=1,"FERNANDO CUETO AMORSOLO (1892-1972)<br>,<i>Bathers</i><br>,signed and dated &#8216;F Amorsolo 1953&#8217; (lower right)<br>,oil on canvas<br>,76 x 51 cm. (29 7/8 x 20 1/8 in.)<br>,Painted in 1953<br>,"
29789,https://www.christies.com/en/auction/20th-century-art-day-sale-29789/,2023-05-28T16:00Z,2023-05-29T00:00Z,228,4788000.0,1600000.0,2800000.0,HKD,20th Century Art Day Sale,Hong Kong,ANITA MAGSAYSAY-HO,Two Mothers,https://www.christies.com/lot/lot-6429550?ldp_breadcrumb=back&intObjectID=6429550&from=salessummary&lid=1,"ANITA MAGSAYSAY-HO (1914-2012)<br>,<i>Two Mothers</i><br>,signed and dated &#8216;Anita Magsaysay-Ho 1957&#8217; (lower left); gallery label affixed (on the reverse)<br>,oil on canvas<br>,101.6 x 61.3 cm. (40 x 24 1/8 in.)<br>,Painted in 1957<br>,"
29789,https://www.christies.com/en/auction/20th-century-art-day-sale-29789/,2023-05-28T16:00Z,2023-05-29T00:00Z,229,756000.0,550000.0,850000.0,HKD,20th Century Art Day Sale,Hong Kong,CESAR LEGASPI,Brainstorm,https://www.christies.com/lot/lot-6429551?ldp_breadcrumb=back&intObjectID=6429551&from=salessummary&lid=1,"CESAR LEGASPI (1917-1994)<br>,<i>Brainstorm</i><br>,signed and dated 'LEGASPI 91' (lower right)<br>,oil on canvas<br>,109 x 138 cm. (42 7/8 x 54 3/8 in.)<br>,Painted in 1991<br>,"
29789,https://www.christies.com/en/auction/20th-century-art-day-sale-29789/,2023-05-28T16:00Z,2023-05-29T00:00Z,230,441000.0,300000.0,500000.0,HKD,20th Century Art Day Sale,Hong Kong,ANG KIUKOK,Crucifixion,https://www.christies.com/lot/lot-6429552?ldp_breadcrumb=back&intObjectID=6429552&from=salessummary&lid=1,"ANG KIUKOK (1931-2005)<br>,<i>Crucifixion</i><br>,signed and dated &#8216;KIUKOK 79&#8217; (lower right)<br>,oil on canvas laid on board<br>,60.2 x 39.7 cm. (23 3/4 x 15 5/8 in.)<br>,Painted in 1979<br>,"
29789,https://www.christies.com/en/auction/20th-century-art-day-sale-29789/,2023-05-28T16:00Z,2023-05-29T00:00Z,231,252000.0,100000.0,200000.0,HKD,20th Century Art Day Sale,Hong Kong,ROMULO OLAZO,Diaphanous 368,https://www.christies.com/lot/lot-6429553?ldp_breadcrumb=back&intObjectID=6429553&from=salessummary&lid=1,"ROMULO OLAZO (1934-2015)<br>,<i>Diaphanous 368</i><br>,signed and dated &#8216;O.r 82&#8217; (lower right)<br>,oil on canvas laid on board<br>,46 x 61 cm. (18 1/8 x 24 in.)<br>,Painted in 1982<br>,"
29789,https://www.christies.com/en/auction/20th-century-art-day-sale-29789/,2023-05-28T16:00Z,2023-05-29T00:00Z,232,882000.0,220000.0,380000.0,HKD,20th Century Art Day Sale,Hong Kong,LAO LIANBEN,Meditation 3,https://www.christies.com/lot/lot-6429554?ldp_breadcrumb=back&intObjectID=6429554&from=salessummary&lid=1,"LAO LIANBEN (B.1948)<br>,<i>Meditation 3</i><br>,signed and dated &#8216;LAO. 1988&#8217; (lower left); signed titled inscribed and dated &#8216;LAO. LiANBEN 1988 72&#8221;x30&#8221; ACrYLiC ON WOOD &#8220;MEDiTATiON.3&#8221;&#8217; (on the reverse)<br>,acrylic on wood<br>,183 x 76 cm. (72 x 29 7/8 in.)<br>,Painted in 1988<br>,"
29789,https://www.christies.com/en/auction/20th-century-art-day-sale-29789/,2023-05-28T16:00Z,2023-05-29T00:00Z,233,1638000.0,320000.0,480000.0,HKD,20th Century Art Day Sale,Hong Kong,TAKESADA MATSUTANI,A CIRCLE - II-A,https://www.christies.com/lot/lot-6429555?ldp_breadcrumb=back&intObjectID=6429555&from=salessummary&lid=1,"TAKESADA MATSUTANI (B.1937)<br>,<i>A CIRCLE &#8211; II&#8211;A</i><br>,signed and dated &#8216;matsutani &#8216;65.&#8217; (lower right); signed titled inscribed and dated in Japanese &#8216;matsutani 1965 110 x 91.5cm A CIRCLE-II-A GUTAI OSAKA Japan. Pinacoteca OSAKA vinyl relief oil and acrylic paintings on canvas and plywood&#8217; (on the reverse)<br>,vinyl oil and acrylic on canvas laid on board<br>,111.7 x 91.4 cm. (44 x 36 in.)<br>,Executed in 1965<br>,"
29789,https://www.christies.com/en/auction/20th-century-art-day-sale-29789/,2023-05-28T16:00Z,2023-05-29T00:00Z,234,4788000.0,1600000.0,2400000.0,HKD,20th Century Art Day Sale,Hong Kong,SADAMASA MOTONAGA,Work,https://www.christies.com/lot/lot-6429556?ldp_breadcrumb=back&intObjectID=6429556&from=salessummary&lid=1,"SADAMASA MOTONAGA (1922-2011)<br>,<i>Work</i><br>,signed and dated &#8216;S.Motonaga&#8217;65&#8217; (lower right); titled dated signed and signed in Japanese &#8216;1965 Sadamasa Motonaga&#8217; (on the reverse)<br>,oil synthetic resin on canvas laid on board<br>,229 x 183 cm. (91 x 72 in.)<br>,Executed in 1965<br>,"
29789,https://www.christies.com/en/auction/20th-century-art-day-sale-29789/,2023-05-28T16:00Z,2023-05-29T00:00Z,235,2772000.0,200000.0,280000.0,HKD,20th Century Art Day Sale,Hong Kong,KAZUO SHIRAGA,53 Cellulose Hou,https://www.christies.com/lot/lot-6429557?ldp_breadcrumb=back&intObjectID=6429557&from=salessummary&lid=1,"KAZUO SHIRAGA (1924-2008)<br>,<i>53 Cellulose Hou</i><br>,signed and dated &#8216;KAZUO SHIRAGA &#8211; 1953.5&#8217; (lower left); signed and dated in Japanese (on the reverse on a label)<br>,oil on canvas<br>,72.5 x 90.5 cm. (28 1/2 x 35 5/8 in.)<br>,Painted in 1953<br>,"
29789,https://www.christies.com/en/auction/20th-century-art-day-sale-29789/,2023-05-28T16:00Z,2023-05-29T00:00Z,236,630000.0,640000.0,960000.0,HKD,20th Century Art Day Sale,Hong Kong,SABURO MURAKAMI,Work 1,https://www.christies.com/lot/lot-6429558?ldp_breadcrumb=back&intObjectID=6429558&from=salessummary&lid=1,"SABURO MURAKAMI (1925-1996)<br>,<i>Work 1</i><br>,signed dated titled and signed Japanese &#8216;Saburo Murakami 1959.3&#8217; (on the reverse)<br>,oil and synthetic resin on canvas<br>,100.4 x 81 cm. (39 1/2 x 31 7/8 in.)<br>,Painted in 1959<br>,"
29789,https://www.christies.com/en/auction/20th-century-art-day-sale-29789/,2023-05-28T16:00Z,2023-05-29T00:00Z,237,504000.0,240000.0,400000.0,HKD,20th Century Art Day Sale,Hong Kong,YOSHISHIGE SAITO,Composition (2),https://www.christies.com/lot/lot-6429559?ldp_breadcrumb=back&intObjectID=6429559&from=salessummary&lid=1,"YOSHISHIGE SAITO (1904-2001)<br>,<i>Composition (2)</i><br>,signed dated titled and signed in Japanese &#8216;y. Saito 1957&#8217; (on the reverse)<br>,lacquer on plywood<br>,117 x 91 cm. (46 1/8 x 35 7/8 in.)<br>,Painted in 1957<br>,"
29789,https://www.christies.com/en/auction/20th-century-art-day-sale-29789/,2023-05-28T16:00Z,2023-05-29T00:00Z,238,378000.0,120000.0,160000.0,HKD,20th Century Art Day Sale,Hong Kong,CHIYU UEMAE,Untitled,https://www.christies.com/lot/lot-6429560?ldp_breadcrumb=back&intObjectID=6429560&from=salessummary&lid=1,"CHIYU UEMAE (1920-2018)<br>,<i>Untitled</i><br>,signed &#8216;UEMAE&#8217; (on the stretcher); dated and signed in Japanese &#8216;1959&#8217; (on the reverse)<br>,mixed media on canvas<br>,80 x 100 cm. (31 1/2 x 39 3/8 in.)<br>,Executed in 1959<br>,"
29789,https://www.christies.com/en/auction/20th-century-art-day-sale-29789/,2023-05-28T16:00Z,2023-05-29T00:00Z,239,945000.0,320000.0,480000.0,HKD,20th Century Art Day Sale,Hong Kong,CHUNG SANG-HWA,Untitled 94-2-5,https://www.christies.com/lot/lot-6429561?ldp_breadcrumb=back&intObjectID=6429561&from=salessummary&lid=1,"CHUNG SANG-HWA (B. 1932)<br>,<i>Untitled 94-2-5</i><br>,signed dated titled and signed in Chinese &#8216;1994 94-2-5 CHUNG SANG-HWA&#8217; (on the reverse)<br>,acrylic on canvas<br>,91 x 73 cm. (35 7/8 x 28 3/4 in.)<br>,Painted in 1994<br>,"
29789,https://www.christies.com/en/auction/20th-century-art-day-sale-29789/,2023-05-28T16:00Z,2023-05-29T00:00Z,240,327600.0,350000.0,450000.0,HKD,20th Century Art Day Sale,Hong Kong,TAKEO YAMAGUCHI,Tetsu (Removal),https://www.christies.com/lot/lot-6429562?ldp_breadcrumb=back&intObjectID=6429562&from=salessummary&lid=1,"TAKEO YAMAGUCHI (1902-1983)<br>,<i>Tetsu (Removal)</i><br>,signed titled and dated in Japanese (on a label on the reverse)<br>,oil on board<br>,60.6 x 91.5 cm. (23 7/8 x 36 in.)<br>,Painted in 1979<br>,"
29789,https://www.christies.com/en/auction/20th-century-art-day-sale-29789/,2023-05-28T16:00Z,2023-05-29T00:00Z,241,504000.0,400000.0,600000.0,HKD,20th Century Art Day Sale,Hong Kong,RHEE SEUNDJA,Sans titre (Untitled),https://www.christies.com/lot/lot-6429563?ldp_breadcrumb=back&intObjectID=6429563&from=salessummary&lid=1,"RHEE SEUNDJA (1918-2009)<br>,<i>Sans titre (Untitled)</i><br>,signed and dated 'S.RHEE '58 (lower right); inscribed and signed '98 rue de Vaugirard PARIS 6deg SEUND-JA. RHEE' (on the reverse)<br>,oil on canvas<br>,60 x 72.5 cm. (23 5/8 x 28 1/2 in.)<br>,Painted in 1958<br>,"
29789,https://www.christies.com/en/auction/20th-century-art-day-sale-29789/,2023-05-28T16:00Z,2023-05-29T00:00Z,242,819000.0,800000.0,1200000.0,HKD,20th Century Art Day Sale,Hong Kong,KIM TSCHANG-YEUL,Recurrence PK99002,https://www.christies.com/lot/lot-6429564?ldp_breadcrumb=back&intObjectID=6429564&from=salessummary&lid=1,"KIM TSCHANG-YEUL (1929-2021)<br>,<i>Recurrence PK99002</i><br>,signed in Korean signed again titled and dated 'PK99002 1996 T.Kim' (on the right side)<br>,acrylic and oil on canvas<br>,162 x 130.5 cm. (63 3/4 x 51 3/8 in.)<br>,Painted in 1996<br>,"
29789,https://www.christies.com/en/auction/20th-century-art-day-sale-29789/,2023-05-28T16:00Z,2023-05-29T00:00Z,243,882000.0,600000.0,1200000.0,HKD,20th Century Art Day Sale,Hong Kong,JU MING,Taichi series,https://www.christies.com/lot/lot-6429565?ldp_breadcrumb=back&intObjectID=6429565&from=salessummary&lid=1,"JU MING (ZHU MING 1938-2023)<br>,<i>Taichi series</i><br>,signed in Chinese and dated &#8216;&#8217;82&#8217; (incised on the underside)<br>,wood sculpture<br>,38 (H) x 32.3 x 25.5 cm. (15 x 12 3/4 x 10 in.)<br>,Executed in 1982<br>,"
29789,https://www.christies.com/en/auction/20th-century-art-day-sale-29789/,2023-05-28T16:00Z,2023-05-29T00:00Z,244,554400.0,120000.0,220000.0,HKD,20th Century Art Day Sale,Hong Kong,FRANCOIS-XAVIER LALANNE,Tortue ( Turtle),https://www.christies.com/lot/lot-6429566?ldp_breadcrumb=back&intObjectID=6429566&from=salessummary&lid=1,"FRANCOIS-XAVIER LALANNE (1927-2008)<br>,<i>Tortue (</i><i>Turtle)</i><br>,monogrammed and numbered &#8216;FXL 62/100&#8217; (on the reverse)<br>,patinated bronze sculpture<br>,13.5 (H) x 26 x 28.5 cm. (5 1/4 x 10 1/4 x 11 1/4 in.)<br>,Executed in 1973<br>,edition: 62/100<br>,<br>,<br>,"
29789,https://www.christies.com/en/auction/20th-century-art-day-sale-29789/,2023-05-28T16:00Z,2023-05-29T00:00Z,245,252000.0,200000.0,300000.0,HKD,20th Century Art Day Sale,Hong Kong,WALASSE TING,Love Me?,https://www.christies.com/lot/lot-6429567?ldp_breadcrumb=back&intObjectID=6429567&from=salessummary&lid=1,"WALASSE TING (DING XIONGQUAN 1928-2010)<br>,<i>Love Me?</i><br>,signed tilted and dated &#8216;Love me? ting 86&#8217;&#8217; (on the reverse)<br>,oil on canvas<br>,71.4 x 101.4 cm. (28 1/8 x 39 7/8 in.)<br>,Painted in 1986<br>,"
29789,https://www.christies.com/en/auction/20th-century-art-day-sale-29789/,2023-05-28T16:00Z,2023-05-29T00:00Z,246,214200.0,150000.0,250000.0,HKD,20th Century Art Day Sale,Hong Kong,ZENZABURO KOJIMA,Anemones,https://www.christies.com/lot/lot-6429568?ldp_breadcrumb=back&intObjectID=6429568&from=salessummary&lid=1,"ZENZABURO KOJIMA (1893-1962)<br>,<i>Anemones</i><br>,signed in Japanese (lower left); signed titled and dated in Japanese (on the reverse)<br>,oil on canvas<br>,32 x 41 cm. (12 5/8 x 16 1/8 in.)<br>,Painted in 1949<br>,"
29789,https://www.christies.com/en/auction/20th-century-art-day-sale-29789/,2023-05-28T16:00Z,2023-05-29T00:00Z,247,302400.0,100000.0,150000.0,HKD,20th Century Art Day Sale,Hong Kong,ZENZABURO KOJIMA,Pine Trees in a Garden,https://www.christies.com/lot/lot-6429569?ldp_breadcrumb=back&intObjectID=6429569&from=salessummary&lid=1,"ZENZABURO KOJIMA (1893-1962)<br>,<i>Pine Trees in a Garden</i><br>,signed &#8216;Z. Z. Kojima&#8217; (lower right)<br>,oil on canvas<br>,53.4 x 45.3 cm. (21 x 17 7/8 in.)<br>,Painted in 1932<br>,"
29789,https://www.christies.com/en/auction/20th-century-art-day-sale-29789/,2023-05-28T16:00Z,2023-05-29T00:00Z,248,176400.0,150000.0,250000.0,HKD,20th Century Art Day Sale,Hong Kong,KUO HSUEH-HU,Phalaenopsis orchird; A peaceful village; A rising sun,https://www.christies.com/lot/lot-6429570?ldp_breadcrumb=back&intObjectID=6429570&from=salessummary&lid=1,"KUO HSUEH-HU (GUO XUEHU 1908-2012)<br>,<i>Phalaenopsis orchird; A peaceful village; A rising sun</i><br>,signed and dated in Chinese and inscribed respectively (upper right of each); titled and inscribed in Chinese on the cover and inside of the box for &#8216;Phalaenopsis orchid&#8217; and &#8216;A peaceful village&#8217;;<br>,hanging scroll ink and color on silk (3)<br>,42 x 50 cm; (16 1/2 x 19 5/8 in.) <br>,48 x 49 cm; (18 7/8 x 19 1/4 in.) <br>,40.5 x 50.5 cm. (16 x 19 7/8 in.)<br>,Painted in 1954; 1956; &amp; 1960 <br>,five seals of the artist<br>,"
29789,https://www.christies.com/en/auction/20th-century-art-day-sale-29789/,2023-05-28T16:00Z,2023-05-29T00:00Z,249,567000.0,400000.0,600000.0,HKD,20th Century Art Day Sale,Hong Kong,HOO MOJONG(HE MUQUN,"Red, Green and Yellow Apples",https://www.christies.com/lot/lot-6429571?ldp_breadcrumb=back&intObjectID=6429571&from=salessummary&lid=1,"HOO MOJONG(HE MUQUN 1924-2012)<br>,<i>Red Green and Yellow Apples</i><br>,signed &#8216;MOJONG&#8217; (lower right)<br>,oil on canvas<br>,108.5 x 68 cm ( 42 3/4 x 26 3/4 in.)<br>,Painted in 1995<br>,"
29789,https://www.christies.com/en/auction/20th-century-art-day-sale-29789/,2023-05-28T16:00Z,2023-05-29T00:00Z,250,604800.0,380000.0,500000.0,HKD,20th Century Art Day Sale,Hong Kong,FAN TCHUNPI,Peaches,https://www.christies.com/lot/lot-6429572?ldp_breadcrumb=back&intObjectID=6429572&from=salessummary&lid=1,"FAN TCHUNPI (FANG JUNBI 1898-1986)<br>,<i>Peaches</i><br>,signed and signed in Chinese &#8216;Fantchunpi&#8217; (lower right); Initialed and dated &#8216;F - 1924&#8217; (on the reverse)<br>,oil on canvas<br>,33 x 40.6 cm. (13 x 16 in.)<br>,Painted in 1924<br>,"
29789,https://www.christies.com/en/auction/20th-century-art-day-sale-29789/,2023-05-28T16:00Z,2023-05-29T00:00Z,251,27720.0,80000.0,120000.0,HKD,20th Century Art Day Sale,Hong Kong,FAN TCHUNPI,Hong Kong Harbor,https://www.christies.com/lot/lot-6429573?ldp_breadcrumb=back&intObjectID=6429573&from=salessummary&lid=1,"FAN TCHUNPI (FANG JUNBI 1898-1986)<br>,<i>Hong Kong Harbor</i><br>,signed in Chinese (lower right)<br>,ink and gouache on paper<br>,32.5 x 44 cm. (12 3/4 x 17 3/8 in.)<br>,Painted in 1960-1970s <br>,one seal of the artist<br>,"
29789,https://www.christies.com/en/auction/20th-century-art-day-sale-29789/,2023-05-28T16:00Z,2023-05-29T00:00Z,252,163800.0,160000.0,250000.0,HKD,20th Century Art Day Sale,Hong Kong,FAN TCHUNPI,"Peach Blossoms, Beijing",https://www.christies.com/lot/lot-6429574?ldp_breadcrumb=back&intObjectID=6429574&from=salessummary&lid=1,"FAN TCHUNPI (FANG JUNBI 1898-1986)<br>,<i>Peach Blossoms Beijing</i><br>,signed in Chinese (lower left)<br>,hanging scroll ink and colour on paper<br>,59 x 39.5 cm. (23 1/4 x 15 1/2 in.)<br>,Painted in 1973<br>,two seals of the artist<br>,"
29789,https://www.christies.com/en/auction/20th-century-art-day-sale-29789/,2023-05-28T16:00Z,2023-05-29T00:00Z,253,,500000.0,800000.0,HKD,20th Century Art Day Sale,Hong Kong,FAN TCHUNPI,Old Tree by Stream,https://www.christies.com/lot/lot-6429575?ldp_breadcrumb=back&intObjectID=6429575&from=salessummary&lid=1,"FAN TCHUNPI (FANG JUNBI 1898-1986)<br>,<i>Old Tree by Stream</i><br>,signed and signed in Chinese &#8216;Fantchunpi&#8217; (lower left)<br>,oil on canvas<br>,76.2 x 114.3 cm. (30 x 45 in.)<br>,Painted in 1936<br>,"
29789,https://www.christies.com/en/auction/20th-century-art-day-sale-29789/,2023-05-28T16:00Z,2023-05-29T00:00Z,254,819000.0,600000.0,800000.0,HKD,20th Century Art Day Sale,Hong Kong,WANG YIDONG,Chafing,https://www.christies.com/lot/lot-6429576?ldp_breadcrumb=back&intObjectID=6429576&from=salessummary&lid=1,"WANG YIDONG (B. 1955)<br>,<i>Chafing</i><br>,signed and dated &#8216;wang yidong 1987&#8217; (upper left); signed and titled &#8216;WANG yidong CHAFING&#8217; (on the stretcher)<br>,oil on canvas<br>,76 x 101.4 cm (29 7/8 x 39 7/8 in.)<br>,Painted in 1987<br>,"
29789,https://www.christies.com/en/auction/20th-century-art-day-sale-29789/,2023-05-28T16:00Z,2023-05-29T00:00Z,255,403200.0,380000.0,550000.0,HKD,20th Century Art Day Sale,Hong Kong,PANG JIUN,Sunshine After Snow,https://www.christies.com/lot/lot-6429577?ldp_breadcrumb=back&intObjectID=6429577&from=salessummary&lid=1,"PANG JIUN (B. 1936)<br>,<i>Sunshine After Snow</i><br>,signed in Chinese and dated &#8216;2022&#8217; (lower right); signed signed again in Chinese dated and titled &#8216;Pangjiun 2022&#8217; (on the reverse)<br>,oil on canvas<br>,91 x 117 cm. (35 7/8 x 46 1/8 in.)<br>,Painted in 2022 <br>,one seal of the artist<br>,"
29789,https://www.christies.com/en/auction/20th-century-art-day-sale-29789/,2023-05-28T16:00Z,2023-05-29T00:00Z,256,352800.0,350000.0,550000.0,HKD,20th Century Art Day Sale,Hong Kong,PANG JIUN,Flower Still Life (Red and Black),https://www.christies.com/lot/lot-6429578?ldp_breadcrumb=back&intObjectID=6429578&from=salessummary&lid=1,"PANG JIUN (B.1936)<br>,Flower Still Life (Red and Black)<br>,signed in Chinese; dated '2009' (lower right)<br>,oil on canvas<br>,72 x 90 cm.(28 3/8 x 35 3/8 in.)<br>,Painted in 2009<br>,one seal of the artist<br>,"
29789,https://www.christies.com/en/auction/20th-century-art-day-sale-29789/,2023-05-28T16:00Z,2023-05-29T00:00Z,257,1890000.0,1000000.0,1800000.0,HKD,20th Century Art Day Sale,Hong Kong,ANDRE BRASILIER,Cavalcade d'automne,https://www.christies.com/lot/lot-6429579?ldp_breadcrumb=back&intObjectID=6429579&from=salessummary&lid=1,"ANDRE BRASILIER (B. 1929)<br>,<i>Cavalcade d&#8217;automne</i><br>,signed &#8216;Andre Brasilier&#8217; (lower right); signed with the initials and titled &#8216;Cavalcade d Automne A.B.&#8217; (on the reverse)<br>,oil on canvas<br>,250 x 200 cm. (98 1/2 x 79 in.)<br>,Painted in 1982<br>,"
29789,https://www.christies.com/en/auction/20th-century-art-day-sale-29789/,2023-05-28T16:00Z,2023-05-29T00:00Z,258,,400000.0,550000.0,HKD,20th Century Art Day Sale,Hong Kong,WANG YANCHENG,untitled,https://www.christies.com/lot/lot-6429580?ldp_breadcrumb=back&intObjectID=6429580&from=salessummary&lid=1,"WANG YANCHENG (B.1960)<br>,<i>untitled</i><br>,signed signed again in Chinese and dated &#8216;Wang Yancheng 2014&#8217; (lower right)<br>,oil on canvas<br>,160.2 x 200.1 cm (63 1/8 x 78 3/4 in.)<br>,Painted in 2014<br>,"
29789,https://www.christies.com/en/auction/20th-century-art-day-sale-29789/,2023-05-28T16:00Z,2023-05-29T00:00Z,259,1071000.0,600000.0,900000.0,HKD,20th Century Art Day Sale,Hong Kong,LE PHO,Les fleuristes (The Florists),https://www.christies.com/lot/lot-6429581?ldp_breadcrumb=back&intObjectID=6429581&from=salessummary&lid=1,"LE PHO (1907-2001)<br>,<i>Les fleuristes (The Florists)</i><br>,signed in Chinese and signed again &#8216;Le pho&#8217; (lower right); titled and inscribed &#8216;Galeries Findlay N.Y. Les Fleuristes&#8217; (on the reverse); gallery label affixed (on the reverse)<br>,oil on canvas<br>,81 x 100 cm. (31 7/8 x 39 3/8 in.)<br>,Painted circa 1970<br>,"
29789,https://www.christies.com/en/auction/20th-century-art-day-sale-29789/,2023-05-28T16:00Z,2023-05-29T00:00Z,260,4536000.0,1200000.0,2200000.0,HKD,20th Century Art Day Sale,Hong Kong,LE PHO,Oiseau et pivoines (Bird and Peonies),https://www.christies.com/lot/lot-6429582?ldp_breadcrumb=back&intObjectID=6429582&from=salessummary&lid=1,"LE PHO (1907-2001)<br>,<i>Oiseau et pivoines (Bird and Peonies)</i><br>,signed in Chinese and signed again &#8216;Le pho&#8217; (lower right)<br>,ink and gouache on silk<br>,59 x 72 cm. (23 1/4 x 28 3/8 in.)<br>,Painted circa 1936<br>,one seal of the artist<br>,"
29789,https://www.christies.com/en/auction/20th-century-art-day-sale-29789/,2023-05-28T16:00Z,2023-05-29T00:00Z,261,882000.0,700000.0,900000.0,HKD,20th Century Art Day Sale,Hong Kong,MAI TRUNG THU,Mere et enfant au kumquat (Mother and Child with Kumquat),https://www.christies.com/lot/lot-6429583?ldp_breadcrumb=back&intObjectID=6429583&from=salessummary&lid=1,"MAI TRUNG THU (1906-1980)<br>,<i>Mere et enfant au kumquat (Mother and Child with Kumquat)</i><br>,signed 'MAI THU' and dated in Chinese (lower left); titled inscribed and dated &#8216;Mere et enfant 27 x 27 1969&#8217; (on the reverse); titled again &#8216;Mere et enfant au &#8220;camquat&#8221;&#8217; (on the backing board)<br>,ink and gouache on silk in the artist&#8217;s original frame<br>,26.8 x 26.8 cm. (10 1/2 x 10 1/2 in.)<br>,Painted in 1969<br>,one seal of the artist<br>,"
29789,https://www.christies.com/en/auction/20th-century-art-day-sale-29789/,2023-05-28T16:00Z,2023-05-29T00:00Z,262,756000.0,550000.0,800000.0,HKD,20th Century Art Day Sale,Hong Kong,LE PHO,Bouquet de fleurs (Flower Bouquet),https://www.christies.com/lot/lot-6429584?ldp_breadcrumb=back&intObjectID=6429584&from=salessummary&lid=1,"LE PHO (1907-2001)<br>,<i>Bouquet de fleurs (Flower Bouquet)</i><br>,signed in Chinese and signed again &#8216;Le pho&#8217; (lower right)<br>,mixed media on silk laid down on isorel<br>,91 x 60 cm. (35 7/8 x 23 5/8 in.)<br>,Painted circa 1958<br>,"
29789,https://www.christies.com/en/auction/20th-century-art-day-sale-29789/,2023-05-28T16:00Z,2023-05-29T00:00Z,263,2394000.0,2000000.0,3000000.0,HKD,20th Century Art Day Sale,Hong Kong,LE QUOC LOC,Paysage du Tonkin (Tonkin Landscape),https://www.christies.com/lot/lot-6429585?ldp_breadcrumb=back&intObjectID=6429585&from=salessummary&lid=1,"LE QUOC LOC (1918-1987)<br>,<i>Paysage du Tonkin (Tonkin Landscape)</i><br>,incised &#8216;Q-LOC&#8217; (lower right)<br>,lacquer on panel polyptych<br>,each: 100 x 32 cm. (39 3/8 x 12 5/8 in.)<br>,overall: 100 x 192 cm. (39 3/8 x 75 5/8 in.)<br>,Executed in 1940s<br>,"
29789,https://www.christies.com/en/auction/20th-century-art-day-sale-29789/,2023-05-28T16:00Z,2023-05-29T00:00Z,264,1134000.0,500000.0,800000.0,HKD,20th Century Art Day Sale,Hong Kong,PHAM HAU,Le village au bord de l'eau (Village by the Lake),https://www.christies.com/lot/lot-6429586?ldp_breadcrumb=back&intObjectID=6429586&from=salessummary&lid=1,"PHAM HAU (1903-1995)<br>,<i>Le village au bord de l&#8217;eau (Village by the Lake)</i><br>,signed in Chinese (lower right)<br>,lacquer on panel<br>,75 x 125 cm. (29 1/2 x 49 1/4 in.)<br>,Executed circa 1952<br>,one seal of the artist<br>,"
29789,https://www.christies.com/en/auction/20th-century-art-day-sale-29789/,2023-05-28T16:00Z,2023-05-29T00:00Z,265,226800.0,220000.0,350000.0,HKD,20th Century Art Day Sale,Hong Kong,ALIX AYME,Composition dans un bol (Composition in a Bowl),https://www.christies.com/lot/lot-6429587?ldp_breadcrumb=back&intObjectID=6429587&from=salessummary&lid=1,"ALIX AYME (1894-1989)<br>,<i>Composition dans un bol (Composition in a Bowl)</i><br>,signed &#8216;Alix Ayme&#8217; (lower right)<br>,lacquer on panel<br>,33.5 x 40 cm. (13 1/4 x 15 3/4 in.)<br>,Painted in 1950s<br>,"
29789,https://www.christies.com/en/auction/20th-century-art-day-sale-29789/,2023-05-28T16:00Z,2023-05-29T00:00Z,266,,200000.0,250000.0,HKD,20th Century Art Day Sale,Hong Kong,MAI TRUNG THU,Jeune femme a l'echarpe rose (Young Lady in a Rose Scarf),https://www.christies.com/lot/lot-6429588?ldp_breadcrumb=back&intObjectID=6429588&from=salessummary&lid=1,"MAI TRUNG THU (1906-1980)<br>,<i>Jeune femme a l&#8217;echarpe rose (Young Lady in a Rose Scarf) </i><br>,signed &#8216;MAI THU&#8217; and dated in Chinese (upper left)<br>,ink and gouache on silk in the artist&#8217;s original frame<br>,20 x 8.5 cm. (7 7/8 x 3 3/8 in.)<br>,Painted in 1966<br>,one seal of the artist<br>,"
29789,https://www.christies.com/en/auction/20th-century-art-day-sale-29789/,2023-05-28T16:00Z,2023-05-29T00:00Z,267,,200000.0,250000.0,HKD,20th Century Art Day Sale,Hong Kong,MAI TRUNG THU,Femme au pantalon jaune (Lady in Yellow Trousers),https://www.christies.com/lot/lot-6429589?ldp_breadcrumb=back&intObjectID=6429589&from=salessummary&lid=1,"MAI TRUNG THU (1906-1980)<br>,<i>Femme au pantalon jaune (Lady in Yellow Trousers) </i><br>,signed &#8216;MAI THU&#8217; and dated in Chinese (upper right)<br>,ink and gouache on silk in the artist&#8217;s original frame<br>,21 x 9.5 cm. (8 1/4 x 3 3/4 in.)<br>,Painted in 1966<br>,one seal of the artist<br>,"
29789,https://www.christies.com/en/auction/20th-century-art-day-sale-29789/,2023-05-28T16:00Z,2023-05-29T00:00Z,268,504000.0,500000.0,650000.0,HKD,20th Century Art Day Sale,Hong Kong,MAI TRUNG THU,Jeune fille a la rose (Young Lady with a Rose),https://www.christies.com/lot/lot-6429590?ldp_breadcrumb=back&intObjectID=6429590&from=salessummary&lid=1,"MAI TRUNG THU (1906-1980)<br>,<i>Jeune fille a la rose (Young Lady with a Rose)</i><br>,signed &#8216;MAI THU&#8217; and dated in Chinese (upper left); signed titled and dated &#8220;MT Jeune fille a la rose 64&#8217; (on the reverse)<br>,ink and gouache on silk in the artist&#8217;s original frame<br>,26 x 16.8 cm. (10 1/4 x 6 5/8 in.)<br>,Painted in 1964<br>,one seal of the artist<br>,"
29789,https://www.christies.com/en/auction/20th-century-art-day-sale-29789/,2023-05-28T16:00Z,2023-05-29T00:00Z,269,604800.0,400000.0,600000.0,HKD,20th Century Art Day Sale,Hong Kong,VU CAO DAM,Le retour du guerrier (Return of the Warrior),https://www.christies.com/lot/lot-6429591?ldp_breadcrumb=back&intObjectID=6429591&from=salessummary&lid=1,"VU CAO DAM (1908-2000)<br>,<i>Le retour du guerrier (Return of the Warrior)</i><br>,signed and dated &#8216;Vu cao dam 62&#8217; (lower left)<br>,oil on canvas<br>,65 x 81 cm. (25 5/8 x 31 7/8 in.)<br>,Painted in 1962<br>,"
29789,https://www.christies.com/en/auction/20th-century-art-day-sale-29789/,2023-05-28T16:00Z,2023-05-29T00:00Z,270,2520000.0,700000.0,1000000.0,HKD,20th Century Art Day Sale,Hong Kong,LE PHO,Sur la terrasse (On the Terrace),https://www.christies.com/lot/lot-6429592?ldp_breadcrumb=back&intObjectID=6429592&from=salessummary&lid=1,"LE PHO (1907-2001)<br>,<i>Sur la terrasse (On the Terrace)</i><br>,signed in Chinese and signed again &#8216;Le pho&#8217; (lower right); titled and inscribed 'Findlay Galleries Chicago Sur la Terrasse' (on the reverse)<br>,oil on canvas<br>,146 x 97.5 cm. (57 1/2 in x 38 3/8 in.)<br>,Painted circa 1970<br>,"
29789,https://www.christies.com/en/auction/20th-century-art-day-sale-29789/,2023-05-28T16:00Z,2023-05-29T00:00Z,271,1008000.0,280000.0,380000.0,HKD,20th Century Art Day Sale,Hong Kong,LE PHO,Fleurs (Flowers),https://www.christies.com/lot/lot-6429593?ldp_breadcrumb=back&intObjectID=6429593&from=salessummary&lid=1,"LE PHO (1907-2001)<br>,<i>Fleurs (Flowers)</i><br>,signed in Chinese and signed again 'Le pho' (lower right); signed 'LE PHO' (on the reverse); gallery label affixed (on the reverse)<br>,oil on canvas<br>,89 x 116 cm. (35 x 45 5/8 in.)<br>,Painted circa 1975<br>,"
29789,https://www.christies.com/en/auction/20th-century-art-day-sale-29789/,2023-05-28T16:00Z,2023-05-29T00:00Z,272,378000.0,120000.0,180000.0,HKD,20th Century Art Day Sale,Hong Kong,VU CAO DAM,Divinite (Divinity),https://www.christies.com/lot/lot-6429594?ldp_breadcrumb=back&intObjectID=6429594&from=salessummary&lid=1,"VU CAO DAM (1908-2000)<br>,<i>Divinite (Divinity)</i><br>,signed and dated 'Vu cao dam 81' (lower right); titled inscribed and numbered 'WF CHIC No 16 Divinite' (on the reverse)<br>,oil on canvas<br>,47 x 39 cm. (18 1/2 x 15 3/8 in.)<br>,Painted in 1981<br>,"
29789,https://www.christies.com/en/auction/20th-century-art-day-sale-29789/,2023-05-28T16:00Z,2023-05-29T00:00Z,273,189000.0,100000.0,200000.0,HKD,20th Century Art Day Sale,Hong Kong,SRIHADI SOEDARSONO,Beach,https://www.christies.com/lot/lot-6429595?ldp_breadcrumb=back&intObjectID=6429595&from=salessummary&lid=1,"SRIHADI SOEDARSONO (1931-2022)<br>,<i>Beach</i><br>,signed and dated &#8216;SRIHADI 1961&#8217; (lower right); signed and signed again titled inscribed and dated &#8216;SRIHADI SUDARSONO BANDUNG INDONESIA M.A. THESIS SRIHADI 36&#8221; x 36&#8221; 1961 BEACH&#8217; (on the reverse)<br>,oil on canvas<br>,91 x 92 cm. (35 7/8 x 36 1/4 in.)<br>,Painted in 1961<br>,"
29789,https://www.christies.com/en/auction/20th-century-art-day-sale-29789/,2023-05-28T16:00Z,2023-05-29T00:00Z,274,630000.0,300000.0,400000.0,HKD,20th Century Art Day Sale,Hong Kong,AHMAD SADALI,Untitled,https://www.christies.com/lot/lot-6429596?ldp_breadcrumb=back&intObjectID=6429596&from=salessummary&lid=1,"AHMAD SADALI (1924-1987)<br>,<i>Untitled</i><br>,signed and dated &#8216;Sadali 1971&#8217; (on the reverse)<br>,oil on board<br>,125 x 77 cm. (49 1/4 x 30 3/8 in.)<br>,Painted in 1971<br>,"
29789,https://www.christies.com/en/auction/20th-century-art-day-sale-29789/,2023-05-28T16:00Z,2023-05-29T00:00Z,275,1071000.0,120000.0,180000.0,HKD,20th Century Art Day Sale,Hong Kong,AHMAD SADALI,Skyline,https://www.christies.com/lot/lot-6429597?ldp_breadcrumb=back&intObjectID=6429597&from=salessummary&lid=1,"AHMAD SADALI (1924-1987)<br>,<i>Skyline </i><br>,signed and dated &#8216;Sadali '58&#8217; (lower right)<br>,oil on canvas<br>,67 x 96 cm. (26 3/8 x 37 3/4 in.)<br>,Painted in 1958<br>,"
29789,https://www.christies.com/en/auction/20th-century-art-day-sale-29789/,2023-05-28T16:00Z,2023-05-29T00:00Z,276,1008000.0,120000.0,220000.0,HKD,20th Century Art Day Sale,Hong Kong,BUT MOCHTAR,Baris Dance,https://www.christies.com/lot/lot-6429598?ldp_breadcrumb=back&intObjectID=6429598&from=salessummary&lid=1,"BUT MOCHTAR (1930-1993)<br>,<i>Baris Dance</i><br>,signed and dated &#8216;BUT. MR. 1960.&#8217; (lower left); signed and titled &#8216;BUT MUCHTAR BARIS DANCE&#8217; (on the reverse)<br>,oil on canvas<br>,87 x 101.5 cm. (34 1/4 x 40 in.)<br>,Painted in 1960<br>,"
29789,https://www.christies.com/en/auction/20th-century-art-day-sale-29789/,2023-05-28T16:00Z,2023-05-29T00:00Z,277,945000.0,800000.0,1500000.0,HKD,20th Century Art Day Sale,Hong Kong,HENDRA GUNAWAN,Nursing and Relaxing by the Beach,https://www.christies.com/lot/lot-6429599?ldp_breadcrumb=back&intObjectID=6429599&from=salessummary&lid=1,"HENDRA GUNAWAN (1918-1983)<br>,<i>Nursing and Relaxing by the Beach</i><br>,signed inscribed and dated &#8216;Hendra 76 KW&#8217; (lower left)<br>,oil on canvas<br>,85.2 x 148 cm. (33 1/2 x 58 1/4 in.)<br>,Painted in 1976<br>,"
29789,https://www.christies.com/en/auction/20th-century-art-day-sale-29789/,2023-05-28T16:00Z,2023-05-29T00:00Z,278,,1000000.0,1800000.0,HKD,20th Century Art Day Sale,Hong Kong,SRIHADI SOEDARSONO,"The Passion of Legong (Gelora Jiwa, Legong)",https://www.christies.com/lot/lot-6429600?ldp_breadcrumb=back&intObjectID=6429600&from=salessummary&lid=1,"SRIHADI SOEDARSONO (1931-2022)<br>,<i>The Passion of Legong (Gelora Jiwa Legong)</i><br>,signed and dated &#8216;Srihadi S. 1991&#8217; (upper right); signed titled inscribed and dated &#8216; &#8220;Gelora Jiwa Legong&#8221; 130 x 200 cm SRIHADI S. 1991 Studio: Jalan Ciumbuleuit 173 Bandung Indonesia.&#8217; (on the reverse)<br>,oil on canvas<br>,130.5 x 200.5 cm. (51 3/8 x 78 7/8 in.)<br>,Painted in 1991<br>,"
29789,https://www.christies.com/en/auction/20th-century-art-day-sale-29789/,2023-05-28T16:00Z,2023-05-29T00:00Z,279,1638000.0,1200000.0,2200000.0,HKD,20th Century Art Day Sale,Hong Kong,AFFANDI,Barong,https://www.christies.com/lot/lot-6429601?ldp_breadcrumb=back&intObjectID=6429601&from=salessummary&lid=1,"AFFANDI (1907-1990)<br>,<i>Barong</i><br>,signed with artist&#8217;s monogram and dated &#8216;1972&#8217; (upper middle)<br>,oil on canvas<br>,97.5 x 168 cm. (38 3/8 x 66 1/8 in.)<br>,Painted in 1972<br>,"
29789,https://www.christies.com/en/auction/20th-century-art-day-sale-29789/,2023-05-28T16:00Z,2023-05-29T00:00Z,280,,100000.0,180000.0,HKD,20th Century Art Day Sale,Hong Kong,THEO MEIER,Reclining Nude Reading a Letter,https://www.christies.com/lot/lot-6429602?ldp_breadcrumb=back&intObjectID=6429602&from=salessummary&lid=1,"THEO MEIER (1908-1982)<br>,<i>Reclining Nude Reading a Letter</i><br>,signed and dated &#8216;Theomeier 71&#8217; (lower right)<br>,oil on paper laid on woodboard<br>,78 x 109 cm. (30 3/4 x 42 7/8 in.)<br>,Painted in 1971<br>,"
29789,https://www.christies.com/en/auction/20th-century-art-day-sale-29789/,2023-05-28T16:00Z,2023-05-29T00:00Z,281,,900000.0,1500000.0,HKD,20th Century Art Day Sale,Hong Kong,HENDRA GUNAWAN,Di Mana Hari Esok (Where is Tomorrow),https://www.christies.com/lot/lot-6429603?ldp_breadcrumb=back&intObjectID=6429603&from=salessummary&lid=1,"HENDRA GUNAWAN (1918-1983)<br>,<i>Di Mana Hari Esok (Where is Tomorrow)</i><br>,signed inscribed and dated &#8216;Hendra KBWR 72&#8217; (lower right)<br>,oil on canvas<br>,96.5 x 64.3 cm. (38 x 25 3/8 in.)<br>,Painted in 1972<br>,"
29789,https://www.christies.com/en/auction/20th-century-art-day-sale-29789/,2023-05-28T16:00Z,2023-05-29T00:00Z,282,327600.0,260000.0,350000.0,HKD,20th Century Art Day Sale,Hong Kong,LEE MAN FONG,A Pair of Doves,https://www.christies.com/lot/lot-6429604?ldp_breadcrumb=back&intObjectID=6429604&from=salessummary&lid=1,"LEE MAN FONG (1913-1988)<br>,<i>A Pair of Doves</i><br>,signed in Chinese (lower left)<br>,oil on masonite board<br>,122 x 60 cm. (48 x 23 5/8 in.)<br>,one seal of the artist<br>,"
29789,https://www.christies.com/en/auction/20th-century-art-day-sale-29789/,2023-05-28T16:00Z,2023-05-29T00:00Z,283,,750000.0,950000.0,HKD,20th Century Art Day Sale,Hong Kong,LIU KANG,Three Sisters Bali,https://www.christies.com/lot/lot-6429605?ldp_breadcrumb=back&intObjectID=6429605&from=salessummary&lid=1,"LIU KANG (1911-2004)<br>,<i>Three Sisters Bali</i><br>,signed in Chinese and dated &#8216;1953&#8217; (lower left)<br>,oil on canvas<br>,96.5 x 70 cm. (38 x 27 1/2 in.)<br>,Painted in 1953<br>,"
29789,https://www.christies.com/en/auction/20th-century-art-day-sale-29789/,2023-05-28T16:00Z,2023-05-29T00:00Z,284,,1000000.0,1500000.0,HKD,20th Century Art Day Sale,Hong Kong,CHEONG SOO PIENG,Alleyway,https://www.christies.com/lot/lot-6429606?ldp_breadcrumb=back&intObjectID=6429606&from=salessummary&lid=1,"CHEONG SOO PIENG (1917-1983)<br>,<i>Alleyway</i><br>,signed and dated &#8216;SOO PIENG. 55.&#8217; (lower right)<br>,oil on canvas laid on board<br>,63.5 x 56.2 cm. (25 x 22 1/8 in.)<br>,Painted in 1955<br>,"
29789,https://www.christies.com/en/auction/20th-century-art-day-sale-29789/,2023-05-28T16:00Z,2023-05-29T00:00Z,285,,400000.0,600000.0,HKD,20th Century Art Day Sale,Hong Kong,CHEONG SOO PIENG,Sunset in Abstract Landscape,https://www.christies.com/lot/lot-6429607?ldp_breadcrumb=back&intObjectID=6429607&from=salessummary&lid=1,"CHEONG SOO PIENG (1917-1983)<br>,<i>Sunset in Abstract Landscape</i><br>,signed &#8216;SOOPIENG.&#8217; (lower left)<br>,oil on canvas<br>,59.5 x 90.5 cm. (23 3/8 x 35 5/8 in.)<br>,Painted circa 1962-1963<br>,"
29789,https://www.christies.com/en/auction/20th-century-art-day-sale-29789/,2023-05-28T16:00Z,2023-05-29T00:00Z,286,201600.0,120000.0,180000.0,HKD,20th Century Art Day Sale,Hong Kong,CHEN CHONG SWEE,View from Mount Faber,https://www.christies.com/lot/lot-6429608?ldp_breadcrumb=back&intObjectID=6429608&from=salessummary&lid=1,"CHEN CHONG SWEE (1910-1985)<br>,<i>View from Mount Faber</i><br>,signed in Chinese and dated &#8216;1969&#8217; (lower left)<br>,watercolour on paper<br>,54.5 x 74.5 cm. (21 1/2 x 29 3/8 in.)<br>,Painted in 1969<br>,"
29789,https://www.christies.com/en/auction/20th-century-art-day-sale-29789/,2023-05-28T16:00Z,2023-05-29T00:00Z,287,,380000.0,550000.0,HKD,20th Century Art Day Sale,Hong Kong,CHEN WEN HSI,Assembling,https://www.christies.com/lot/lot-6429609?ldp_breadcrumb=back&intObjectID=6429609&from=salessummary&lid=1,"CHEN WEN HSI (1906-1991)<br>,<i>Assembling</i><br>,signed in Chinese (lower left)<br>,ink and colour on paper<br>,138 x 34 cm. (54 3/8 x 13 3/8 in.)<br>,Painted in 1988<br>,one seal of the artist<br>,"
29789,https://www.christies.com/en/auction/20th-century-art-day-sale-29789/,2023-05-28T16:00Z,2023-05-29T00:00Z,288,,260000.0,420000.0,HKD,20th Century Art Day Sale,Hong Kong,CHEN WEN HSI,Goldfish,https://www.christies.com/lot/lot-6429610?ldp_breadcrumb=back&intObjectID=6429610&from=salessummary&lid=1,"CHEN WEN HSI (1906&#8211;1991)<br>,<i>Goldfish</i><br>,signed in Chinese (upper right)<br>,ink and colour on paper<br>,101.7 x 44.7 cm. (40 x 17 5/8 in.)<br>,one seal of the artist<br>,"
29789,https://www.christies.com/en/auction/20th-century-art-day-sale-29789/,2023-05-28T16:00Z,2023-05-29T00:00Z,289,226800.0,120000.0,180000.0,HKD,20th Century Art Day Sale,Hong Kong,FAN CHANG TIEN,Large Bamboo and Rock,https://www.christies.com/lot/lot-6429611?ldp_breadcrumb=back&intObjectID=6429611&from=salessummary&lid=1,"FAN CHANG TIEN (FAN CHANGQIAN 1907&#8211;1987)<br>,<i>Large Bamboo and </i><i>Rock</i><br>,signed inscribed and dated in Chinese (left)<br>,ink on paper<br>,137.6 x 67.8 cm. (54 1/8 x 26 3/4 in.)<br>,Painted in 1983<br>, two seals of the artist<br>,"
29789,https://www.christies.com/en/auction/20th-century-art-day-sale-29789/,2023-05-28T16:00Z,2023-05-29T00:00Z,290,163800.0,120000.0,220000.0,HKD,20th Century Art Day Sale,Hong Kong,CHEONG SOO PIENG,Paddy Planting Malaysia,https://www.christies.com/lot/lot-6429612?ldp_breadcrumb=back&intObjectID=6429612&from=salessummary&lid=1,"CHEONG SOO PIENG (1917-1983)<br>,<i>Paddy Planting Malaysia</i><br>,signed in Chinese (lower left); signed again and dated &#8216;SOO PIENG. 1968.&#8217; (on the bottom edge)<br>,ink and colour on paper<br>,89 x 44 cm. (35 x 17 3/8 in.)<br>,Painted in 1968<br>,one seal of the artist<br>,"
29789,https://www.christies.com/en/auction/20th-century-art-day-sale-29789/,2023-05-28T16:00Z,2023-05-29T00:00Z,291,151200.0,160000.0,280000.0,HKD,20th Century Art Day Sale,Hong Kong,U SAN WIN,Kantawmin Garden,https://www.christies.com/lot/lot-6429613?ldp_breadcrumb=back&intObjectID=6429613&from=salessummary&lid=1,"U SAN WIN (1905-1981)<br>,<i>Kantawmin Garden</i><br>,signed and dated &#8216;SAN WIN 67&#8217; (lower left)<br>,oil on board<br>,60 x 42.5 cm. (23 5/8 x 16 3/4 in.)<br>,Painted in 1967<br>,"
29789,https://www.christies.com/en/auction/20th-century-art-day-sale-29789/,2023-05-28T16:00Z,2023-05-29T00:00Z,292,504000.0,220000.0,350000.0,HKD,20th Century Art Day Sale,Hong Kong,U NGWE GAING,The Lighted Festival,https://www.christies.com/lot/lot-6429614?ldp_breadcrumb=back&intObjectID=6429614&from=salessummary&lid=1,"U NGWE GAING (1901-1967)<br>,<i>The Lighted Festival</i><br>,signed and dated &#8216;NGWE GAING 63&#8217; (lower right)<br>,oil on board<br>,57.1 x 68.5 cm. (22 1/2 x 27 in.)<br>,Painted in 1963<br>,"
29789,https://www.christies.com/en/auction/20th-century-art-day-sale-29789/,2023-05-28T16:00Z,2023-05-29T00:00Z,293,,80000.0,150000.0,HKD,20th Century Art Day Sale,Hong Kong,U OHN LWIN,To the Pagoda,https://www.christies.com/lot/lot-6429615?ldp_breadcrumb=back&intObjectID=6429615&from=salessummary&lid=1,"U OHN LWIN (1907-1988)<br>,<i>To the Pagoda</i><br>,signed and dated &#8216;OHN LWIN 72&#8217; (lower right)<br>,oil on canvas<br>,49.3 x 58.2 cm. (19 3/8 x 22 7/8 in.)<br>,Painted in 1972<br>,"
29789,https://www.christies.com/en/auction/20th-century-art-day-sale-29789/,2023-05-28T16:00Z,2023-05-29T00:00Z,294,138600.0,100000.0,180000.0,HKD,20th Century Art Day Sale,Hong Kong,U HLA SHEIN,A Forest,https://www.christies.com/lot/lot-6429616?ldp_breadcrumb=back&intObjectID=6429616&from=salessummary&lid=1,"U HLA SHEIN (1904-1979)<br>,<i>A Forest</i><br>,signed and dated &#8216;Hla Shain 66&#8217; (lower right)<br>,oil on canvas<br>,63.8 x 93.7 cm. (25 1/8 x 36 7/8 in.)<br>,Painted in 1966<br>,"
29789,https://www.christies.com/en/auction/20th-century-art-day-sale-29789/,2023-05-28T16:00Z,2023-05-29T00:00Z,295,44100.0,80000.0,150000.0,HKD,20th Century Art Day Sale,Hong Kong,U BA YIN GYI,Working Elephants,https://www.christies.com/lot/lot-6429617?ldp_breadcrumb=back&intObjectID=6429617&from=salessummary&lid=1,"U BA YIN GYI (1908-2001)<br>,<i>Working Elephants</i><br>,signed and dated &#8216;Ba Yin Gyi&#8217; (lower left); signed again and inscribed &#8216;Ba Yin Gyi 55. FOREST. ROAD. AHLONE. RANGOON. BURMA.&#8217; (on the reverse)<br>,oil on canvas<br>,53 x 75.2 cm. (20 7/8 x 29 5/8 in.)<br>,Painted circa 1960s<br>,"
